ID_Cliente,Target_Risco
122889,0
123769,0
111944,1
110585,0
110554,2
106924,0
109988,1
124111,1
104345,0
109466,2
118016,1
104015,0
109268,0
103627,0
107323,0
107591,0
101763,1
121717,1
109336,0
122217,1
107289,0
123174,0
121472,0
118212,0
118026,0
102436,3
117851,2
114489,0
110317,0
118920,0
102504,0
113278,1
100420,0
120524,1
121101,0
111101,0
105902,0
116116,0
117775,2
119547,1
107033,0
111245,1
112795,0
110211,0
118994,0
119856,1
116606,1
103206,0
116103,0
122812,0
121954,0
104673,0
104406,1
118671,0
104215,0
112190,0
106951,1
112532,0
106091,0
110504,1
102023,3
115052,1
103192,0
108296,2
122651,1
109472,0
109475,0
122250,0
102601,0
124608,1
118808,0
100772,1
115632,2
111631,2
108322,0
124300,0
117924,1
108729,0
114659,0
102276,0
102788,1
109121,1
112538,0
115627,0
122159,0
100914,0
111926,0
107011,2
122818,0
110239,0
123106,1
105830,0
101296,1
100239,2
116883,1
123260,1
120577,2
123997,0
100047,0
112259,1
118851,2
109321,1
124169,0
104767,0
122848,0
108168,2
108562,0
114974,1
102954,0
112042,0
113008,0
122315,0
113448,0
121889,0
119290,0
101585,0
120485,0
105944,2
109614,0
114082,0
117250,0
103601,0
106160,0
101853,0
103087,2
102722,0
117426,0
122271,3
120407,0
107866,0
103171,0
121505,0
103856,1
104705,0
107975,2
110411,0
101320,0
122970,2
106397,0
104994,0
113040,1
116224,2
123747,1
105212,0
121961,0
104320,3
114407,0
111644,1
121695,1
107720,0
112723,0
100901,3
101917,0
117270,0
114143,0
100638,0
116849,0
110408,0
112453,1
107230,0
101361,1
115130,0
122885,1
118457,0
109183,0
118770,0
104139,0
121451,0
102225,0
111344,0
106439,2
122168,0
118973,2
113202,0
105713,0
111282,0
114828,0
111801,0
100209,2
122618,1
119270,1
112255,0
117374,3
104726,2
119521,0
124107,0
107880,1
123943,0
114434,0
108904,0
104062,3
111636,0
109083,3
119190,1
124936,2
108210,0
114430,0
107619,0
100176,0
100137,0
104622,0
100723,0
106981,1
109290,0
124200,3
104121,1
103684,0
121820,0
112083,1
120378,0
105764,0
118224,0
123804,3
114242,0
120556,0
117650,0
112786,2
116938,1
118375,1
118787,0
112596,1
112140,2
103439,0
100790,0
112730,0
101106,1
112915,2
104434,0
105093,2
107031,0
121587,0
108121,0
119723,3
123115,3
105737,1
105038,0
108106,1
116943,0
122565,0
111317,0
115557,2
100993,2
122143,0
116564,0
102081,0
107887,3
100998,1
111805,3
123474,0
108550,0
124441,0
120651,1
123271,0
109067,0
111117,2
111138,0
122387,0
110320,1
102109,0
114425,0
109721,1
124796,0
103330,0
116313,0
115246,0
110917,0
100357,3
103883,1
104782,1
111904,1
100691,0
121577,0
100190,0
111458,1
121350,0
111328,0
115441,0
119126,1
113131,0
101994,0
103798,0
124029,0
116186,2
121254,2
121635,2
108029,0
116100,0
105446,1
107612,1
109360,1
120721,1
111692,0
105401,0
106261,0
109539,0
107994,0
106786,3
123124,2
121265,0
114998,0
117157,0
105215,0
121469,1
107941,1
119147,1
110797,0
122898,0
111209,0
115091,0
109362,0
119829,1
111822,1
117785,0
120868,0
108662,2
101957,1
124068,2
121989,3
107833,0
112464,0
118838,0
101040,0
102464,1
113151,0
119662,0
118764,0
108000,1
113924,0
123090,0
113014,2
122209,0
106794,0
114943,0
120542,0
107379,0
109536,1
107624,1
110197,0
119778,0
123542,0
103068,0
109872,1
102998,0
101588,2
103168,0
116762,0
113067,0
118664,1
107560,3
100524,0
104921,1
102624,1
103650,0
103538,0
119313,0
116337,1
100766,3
103475,0
105076,0
115309,0
107015,0
103513,1
102001,0
123875,0
102826,0
103162,1
102396,2
104729,1
110629,2
122606,0
122846,0
103739,0
120771,0
102088,0
120046,0
109262,0
102303,0
103927,0
119532,0
124908,0
119697,0
107908,0
113814,0
120663,0
111429,0
123499,0
114722,2
109335,0
114225,0
113510,1
118565,0
102411,1
116143,0
109200,1
110617,0
102289,2
103980,0
103459,0
116457,0
110813,1
103349,3
112646,1
103318,1
107728,0
106589,1
105386,1
112133,2
101081,0
104531,0
117616,0
101033,0
101022,0
103860,0
116026,0
110906,0
102551,2
112640,1
118765,0
113909,0
122831,0
115322,1
102708,0
113503,0
109675,1
104312,1
100429,0
110827,0
107554,0
119888,0
107848,0
107422,0
113698,0
106553,2
119763,0
110587,2
114043,1
120662,2
122542,2
106588,3
103943,2
116825,0
103803,0
122578,0
111984,0
103888,0
117668,0
101612,0
106426,3
116965,0
103960,0
109135,0
116388,0
112820,1
101638,3
110545,1
112644,0
120623,0
101395,0
110769,0
116723,2
100257,0
123658,0
108916,0
117735,1
108877,1
108842,0
101373,0
122129,0
110280,0
115175,0
115333,1
105561,0
122320,1
107001,2
111397,0
115295,0
116067,1
113562,0
113056,1
123436,2
107434,0
109258,0
106372,1
116109,1
114578,1
124508,0
106790,0
102565,2
118636,2
105310,3
123332,1
100215,0
111478,0
110556,0
121751,2
111655,0
104400,0
110523,2
117824,1
112683,2
105200,3
123322,2
106702,0
117059,1
108140,0
101644,0
121670,1
119537,3
104384,2
108500,2
121637,0
124348,0
109435,0
108449,2
122122,0
109406,0
110212,0
107665,0
121430,0
105411,0
123510,1
122430,0
108647,0
115845,0
121502,0
119160,0
111051,3
104576,3
108736,0
101742,0
111998,0
103507,0
120425,2
106933,0
119703,1
103428,0
115991,0
103085,1
100063,1
103930,1
113843,1
109031,0
115810,1
104447,0
112470,0
102066,0
113944,1
101339,1
117496,0
115249,1
120539,0
122847,0
101231,0
111807,0
115364,2
106381,0
116395,2
102228,0
121901,0
119001,2
106654,0
103067,0
109396,0
101259,1
117872,1
124965,0
103520,0
108356,1
122000,0
100777,2
120112,0
105320,3
120221,0
110509,3
109368,0
113123,1
114619,0
115847,0
107383,0
102415,2
108174,0
119837,0
109223,0
104061,1
112248,1
114548,0
117129,0
115068,1
101971,0
108914,0
114351,0
101177,0
121749,0
106257,0
105664,3
100654,0
111349,0
108632,1
107747,0
119499,0
110158,2
100989,2
107874,0
101500,0
112866,0
108498,2
112582,3
116658,0
118065,0
120388,0
100694,0
100091,0
117609,0
111855,3
102203,1
106520,0
116959,1
114940,1
115094,0
100612,3
116569,1
109778,0
118846,0
101822,0
110099,0
124028,2
112370,0
104332,2
120080,0
116347,0
103512,1
110584,1
106416,2
113629,0
113345,0
102344,1
104145,0
108083,0
123823,0
103126,0
113005,2
104005,0
100358,0
108485,1
117368,1
105610,0
117956,1
102463,0
102486,0
122349,1
112725,0
113341,0
122325,0
110995,0
114818,0
111821,0
104582,1
103499,0
111593,0
101179,0
111629,0
115597,0
111843,0
119261,0
100547,2
103873,0
119310,1
119759,0
107328,0
113443,0
124818,3
101890,1
112158,2
106354,0
112281,2
100281,0
115332,2
107814,0
123104,0
114904,0
122636,0
107767,1
124067,1
121260,0
111872,1
120410,1
115996,0
111973,0
101326,0
113119,0
114259,1
114243,0
102406,2
101013,1
117721,0
104828,1
100859,0
118578,1
117150,1
123978,0
110359,1
111392,1
124209,0
118753,1
118702,1
100505,0
117279,1
105195,1
110117,0
114092,0
118078,1
121559,1
109471,1
121219,1
113144,0
102887,0
114726,3
119733,1
124204,0
110564,0
101463,1
104466,3
114299,0
105993,0
123014,0
115788,1
100631,0
119333,0
106155,1
116264,1
110054,2
107114,1
119314,1
123235,0
108663,1
122510,0
118355,0
124942,2
117778,1
118557,0
105207,0
112404,1
123447,0
120844,1
105159,0
100279,1
109958,0
105264,0
116604,1
116953,1
115851,0
112440,0
108692,1
118164,0
112698,1
117595,0
111696,3
117905,0
103777,2
104436,0
102069,1
117313,0
115947,2
102754,3
103950,2
117128,2
106629,0
109393,3
104503,0
106625,2
124430,0
114859,1
113615,0
122772,1
123301,2
115469,1
105509,0
108193,0
107162,1
102527,0
109094,0
106756,0
123631,0
112876,0
105823,2
124308,0
101247,0
120991,0
105429,0
104577,3
105536,2
100293,0
119260,0
120005,0
122826,0
122408,0
124172,0
114540,2
107143,2
122402,0
108979,1
116488,1
107534,1
113571,0
119442,0
111642,0
120845,1
114336,3
106524,0
104633,0
101860,0
123878,0
119430,0
112395,2
102735,0
124702,0
109707,0
122527,1
107957,0
121616,0
120780,0
111961,1
121193,2
105430,0
112062,0
100462,0
123049,0
118370,1
119648,0
114744,1
101457,0
111314,0
106362,0
117620,0
107604,0
115673,0
101952,0
100427,0
117911,1
114814,0
104177,2
105362,0
107707,0
113848,1
115240,0
112798,0
102795,3
114840,2
105487,2
120858,0
121876,0
121897,0
111405,1
103393,0
111972,1
114949,1
118684,0
116027,0
102983,1
115239,0
111543,0
103004,1
114217,0
110251,1
104953,2
117967,0
117310,1
122725,1
103632,0
102118,0
122186,0
119972,2
103055,0
107363,0
113344,2
117413,1
122283,0
120941,0
109696,0
103258,0
116126,0
115954,2
123264,0
106341,0
124302,0
100598,0
110091,0
109804,1
101074,1
113786,0
100368,2
121095,0
113183,2
110858,1
112501,0
124488,1
112324,0
115976,1
116506,1
119011,1
101163,0
113575,0
102621,1
106199,0
102831,0
124525,0
122528,2
118011,0
110571,0
105550,1
123016,1
121881,3
111249,0
103113,0
121574,0
111066,0
111974,0
103191,0
115050,0
119816,0
121847,0
118413,1
111113,0
115447,1
116435,0
106018,0
103838,0
111266,2
116172,1
105571,0
113308,0
124933,0
120559,1
118219,0
110559,1
104202,0
105230,0
122577,0
101550,1
115762,0
101044,0
104519,0
121188,0
117078,0
108967,0
123608,0
120049,2
106016,0
110775,2
107567,0
101121,1
103506,0
112849,3
123210,0
105604,1
109882,0
111236,2
111228,2
100881,0
107638,0
116688,1
103919,1
100488,0
122849,2
103463,1
118461,0
104127,1
109911,0
112848,0
115526,1
103329,0
109018,1
120938,0
118147,0
111657,0
120792,0
106352,1
110041,0
116122,0
102219,1
117411,0
118230,0
109239,1
109831,0
106630,0
106642,0
105060,1
104097,0
113315,3
118154,3
119906,0
122286,0
106771,0
122359,1
110474,1
105948,0
117065,1
114684,0
121945,0
121022,0
114454,0
106336,0
109041,1
103281,0
107563,0
111213,0
106675,0
112965,0
117589,0
100946,0
122266,2
103332,0
121794,0
113950,0
119921,1
110348,1
110127,0
110292,0
107207,1
123175,1
111548,0
119987,0
105467,2
112250,1
113357,0
106859,0
102106,0
113382,0
123153,0
118591,0
121218,1
100244,0
120693,0
117259,0
114383,0
111874,0
118185,1
106623,0
110026,0
101353,0
108258,0
121808,1
101891,0
116538,0
102866,0
101289,2
123443,1
113791,2
105709,1
120166,0
113431,0
123216,0
110958,1
102149,0
123527,0
113229,0
107899,2
117323,2
118807,0
114443,0
120874,0
116765,0
101487,2
119769,1
119193,0
112213,1
110755,0
109529,1
117251,1
116828,2
103263,0
101722,2
106955,0
119219,1
119484,1
102785,1
118954,0
110332,0
118458,0
102755,0
111685,0
110092,0
124946,0
115198,1
100297,0
123559,3
101462,1
100635,0
107358,0
110349,0
109615,0
100855,0
110747,0
104759,1
111242,0
123520,0
103813,0
112291,3
112401,0
109929,1
112402,1
110123,0
114323,0
102273,0
104280,0
102500,0
122184,0
110854,0
100799,0
124165,0
110855,0
123141,0
111143,2
115306,0
121878,0
104304,0
114646,0
120426,3
110841,0
122564,0
110427,0
108704,0
116722,0
118289,1
120082,2
107870,0
109469,0
105110,0
113461,0
121276,0
121076,0
117995,0
107074,1
118521,2
115152,0
106570,0
115618,0
122291,1
105533,3
116015,0
120277,1
100895,0
117811,0
115643,2
107490,0
113027,0
121750,0
107151,0
111253,0
111785,1
107667,0
101269,0
107625,3
115373,0
112364,1
108353,0
109287,2
117221,0
124147,0
106267,1
109464,0
121709,0
106265,1
108489,0
110218,0
124686,1
114078,3
105419,0
100481,0
119189,2
108254,1
122461,0
101508,0
103431,3
114504,3
111537,1
123261,0
121064,2
114926,0
100332,1
111040,1
109284,0
115255,0
121795,1
111190,2
118725,0
119021,1
115423,3
110924,0
114490,0
111063,1
100260,0
124831,0
102968,1
102414,0
105312,3
121964,0
118608,2
119467,1
109255,1
119583,0
111026,1
108112,0
106747,0
100004,0
102978,0
100461,1
108961,0
112094,0
117370,0
124673,3
116582,0
117662,2
122906,0
122343,1
105037,0
122033,2
107839,0
116022,0
118057,0
123754,0
122691,0
112519,1
113634,0
107914,1
106855,3
105109,3
101257,0
100370,1
104938,0
116093,0
116033,2
109420,0
109293,1
107984,0
108834,0
101761,0
102490,1
124131,0
121605,3
102586,0
119542,1
122148,0
117690,2
105729,3
104989,1
109136,0
114452,0
122094,1
120632,0
114891,0
102234,2
114380,1
102761,2
112097,0
119902,1
123677,0
119822,0
117104,1
111087,3
114884,1
119809,0
107802,0
117379,0
111374,0
109130,2
115341,0
110762,1
112982,2
100650,2
117302,0
123889,2
122188,1
120720,0
124231,1
120321,0
106823,0
120310,0
101187,1
114969,1
104560,0
118978,0
116288,0
104249,0
117753,1
104342,0
117756,1
117168,0
124356,0
124354,1
105325,0
107338,0
122612,3
110721,2
115651,2
109798,0
106247,1
106964,1
120339,0
121335,0
113778,0
106824,0
111335,0
120878,2
122066,1
121425,1
103213,1
102198,0
122713,1
103397,0
116146,0
100161,1
104521,0
103145,0
120199,0
110731,3
104423,0
108162,0
115542,0
117782,0
124184,0
124490,0
113783,0
113593,1
113813,0
112794,0
102020,1
101332,1
108319,0
112276,1
121251,1
116450,0
121404,0
117830,0
117764,0
124341,0
114385,0
111812,0
107807,0
121992,0
123910,0
111093,1
115516,1
103801,0
101477,0
122400,0
121536,0
107757,0
116726,0
106990,2
122425,1
107953,0
116371,0
115062,0
115365,3
112179,1
103804,1
121016,0
106845,0
120726,3
120212,0
122374,1
102994,0
102002,0
123048,1
115515,1
111877,0
111613,0
112859,0
120121,0
112611,0
104720,0
103275,2
103774,0
115668,2
120747,1
103435,2
105745,0
120110,1
123038,1
114497,0
119032,0
103034,0
119346,1
103212,0
120860,3
102664,0
109533,0
110580,0
111320,1
119513,0
101043,0
115566,2
115582,0
119787,0
104884,0
116319,2
122426,0
109596,0
107872,0
117163,2
121459,0
122616,0
112742,0
107640,0
117927,0
114910,1
119893,1
102753,0
121329,0
106022,1
115812,0
105455,0
114544,0
119878,0
111260,2
111967,1
114652,1
117683,3
110466,0
116011,3
111888,0
120840,0
103942,0
108532,0
104837,1
122553,0
117508,1
118025,1
113658,0
106905,0
104035,0
119063,2
121336,1
103448,0
124576,0
121204,1
109400,1
116617,0
116206,0
124311,0
117363,0
122028,0
106209,1
114571,0
100817,0
119709,3
100689,3
121922,0
110889,0
104072,0
103052,2
104919,0
113550,2
119211,2
106974,2
104686,0
104901,1
123394,0
109875,2
107730,0
114203,2
107279,0
113088,1
105092,0
113093,1
106789,1
105218,0
101710,2
107139,0
113782,1
119721,2
109109,0
118686,0
122866,0
116519,0
103207,0
116323,1
110546,0
124019,0
118947,1
105660,2
102640,1
117462,0
103727,1
119469,0
109878,2
107043,0
115035,1
121981,1
108019,0
120670,1
118997,1
116642,0
111964,3
100852,2
105526,0
112485,1
122454,0
110609,2
124420,0
104732,2
105314,1
119116,2
114083,1
119712,0
104426,0
101599,0
116370,1
119827,0
113610,1
105805,0
115489,0
117882,1
109820,2
109723,1
117410,3
101683,1
105504,0
108829,1
101682,1
121703,0
114903,0
103879,0
112085,0
111663,2
106003,2
114893,1
110925,0
122792,0
109870,0
104585,0
101498,0
123186,0
119396,0
105485,0
122554,0
107226,0
116005,0
107906,1
103680,1
113991,0
108570,1
115822,0
101817,0
119150,0
112417,1
110491,3
105609,0
118819,1
100366,0
115124,0
107348,0
117100,2
116847,0
105809,0
116601,0
103201,0
121036,1
120889,2
105273,0
113995,0
102547,0
110622,0
104340,0
103407,0
115263,0
114138,0
119284,1
117909,1
118079,0
102270,0
100233,0
106987,1
110277,0
101135,0
110477,0
108346,0
113247,1
100039,3
121756,0
106717,0
119908,0
101052,0
103853,1
115726,2
112602,2
106563,1
108721,0
103790,1
108930,0
122754,0
111802,0
120317,0
118984,0
112148,2
119765,3
111767,0
121321,0
113946,0
110361,0
124001,0
101436,0
116905,2
100921,0
113370,0
112020,0
102340,0
115446,0
104363,0
103606,0
118222,1
108304,0
106458,0
118766,0
115280,1
114794,0
117440,0
103450,0
107052,0
100128,1
115960,0
116285,0
107417,0
102683,0
117707,3
124257,1
110842,0
116246,0
107998,0
102880,0
100527,1
119495,1
123277,0
104101,0
118535,0
103770,1
116673,0
122942,2
114451,1
118369,3
115007,0
122436,0
103413,0
118207,1
106932,3
112392,0
114036,0
122076,0
117676,2
106846,0
103603,0
107725,0
101541,0
103224,0
115107,1
124381,0
112024,2
100916,2
124514,0
111892,3
116058,0
107233,0
102717,3
123366,0
105061,2
100826,3
100061,0
109276,0
106853,0
119811,0
104155,0
116258,0
109667,0
116174,0
123343,1
110368,1
108125,1
117518,0
114931,0
112050,1
111274,1
101053,0
109864,1
114154,0
115945,0
111965,0
111487,3
121281,0
122213,0
120381,0
124191,1
119637,2
115578,0
101773,0
122662,0
121965,0
120163,3
120030,0
105168,0
113707,0
117035,0
112120,0
111062,0
116901,1
113821,0
101920,1
100095,1
113978,0
105453,0
121868,0
108614,0
109679,0
111420,1
119306,0
110784,0
117653,3
117038,0
100265,0
114560,0
117320,0
106626,2
102258,3
122783,0
121069,2
124031,0
119145,0
105522,0
115468,1
114762,0
112131,0
119586,1
120304,0
116587,3
106781,0
109527,2
118539,2
109053,0
104680,3
102543,0
111108,0
106613,1
112642,1
118300,0
115208,0
104196,0
122551,1
118036,0
122260,0
110052,1
112046,2
120931,3
113688,0
113001,0
123075,3
103008,3
100434,2
103716,1
116775,1
111373,1
124364,0
104390,0
100858,0
109618,3
100528,0
105334,0
112690,0
123628,0
105538,0
117160,2
115805,1
120416,3
113570,0
105515,0
118330,2
104118,0
111224,1
109489,0
105445,0
124780,0
111525,0
124784,0
106615,0
124932,0
107416,0
113987,0
123226,0
104208,0
116201,0
112790,2
104007,2
103986,2
112297,2
109044,0
120226,0
120382,0
119257,0
124902,0
107809,2
119017,0
116799,2
104031,0
119947,0
118793,2
123303,0
122211,1
115021,0
119953,0
120865,0
109184,0
105091,0
109619,1
106278,2
108308,0
119353,1
101838,1
115044,0
105279,0
108229,3
100354,0
105205,0
115649,0
102776,0
105066,0
111265,1
113078,1
114438,1
124770,0
103734,0
100605,3
113080,0
116481,1
115178,0
122310,1
123045,0
102802,1
107758,0
109584,0
105649,0
115679,0
119511,0
101719,0
122708,0
117488,0
122836,1
124573,1
109151,0
114275,0
106985,1
101936,0
112816,0
116282,0
109752,0
120449,2
105102,0
111179,0
115157,0
112422,1
102243,0
123199,0
102927,2
116316,1
118777,1
122386,0
109734,1
101271,2
124460,0
111542,0
112606,2
106911,0
121042,2
118844,0
112668,0
124190,0
122919,1
100873,2
104255,0
118114,0
113502,0
116898,0
117331,0
122416,0
115619,0
104164,0
110738,2
116980,0
106950,1
111361,0
117044,0
120442,3
111016,0
107208,0
115380,0
120340,1
104209,1
117322,0
112018,0
116418,0
104623,1
108433,0
119808,2
122863,0
109567,0
123125,0
112763,0
114075,1
110832,1
101916,2
115765,1
109919,1
110905,0
122969,2
111178,0
105577,3
114440,0
109407,0
104025,1
111512,0
103377,0
112415,1
116393,0
121250,0
120444,2
120498,0
106242,0
110272,0
117606,1
107517,0
120951,0
120499,1
118834,0
123218,0
107596,2
114870,3
114332,0
110390,3
120925,2
108326,0
124984,0
111177,1
104461,1
103481,0
104528,0
115493,0
107522,0
113406,0
109247,0
104211,0
124455,0
106896,2
123612,3
117240,2
104001,0
110932,0
121429,1
124394,0
115594,3
104918,0
106928,1
111134,0
109347,0
107722,0
115936,0
111551,3
107702,0
124355,0
100613,0
102872,1
100602,0
121158,1
106263,0
103528,2
123169,0
110189,1
122785,1
102742,0
105681,2
115176,0
118074,0
116211,0
103405,0
114365,0
106760,0
111937,0
111659,1
107316,0
124084,0
122511,1
106579,0
107854,1
110981,3
115514,0
108128,0
112393,0
111482,0
108176,0
120168,0
116320,0
104311,0
121242,0
113535,0
100030,0
116689,0
121496,0
117809,1
120899,0
108741,1
116967,1
122661,0
120167,3
120035,0
113106,2
107225,0
114315,2
116745,1
124872,1
102653,0
114364,0
117801,0
123297,0
105595,3
107895,2
115443,0
103514,0
112766,1
112693,0
103674,0
115296,0
112252,1
115424,3
104361,1
106253,0
102374,0
110921,1
120411,0
116651,0
107093,2
121395,0
120783,0
108134,2
103835,2
113030,0
105934,1
122479,1
123529,3
105877,0
105249,0
102743,0
103845,0
103992,1
117169,3
116023,0
100977,0
110216,0
118989,0
113910,1
124433,0
100802,1
109605,0
116207,0
104184,0
112137,1
112081,0
105324,1
112236,1
119690,0
122726,1
101132,0
120437,0
121155,1
118798,1
107368,0
109235,1
103710,1
116532,0
119849,0
122216,0
118198,0
121634,1
114218,0
107787,0
118239,2
122576,0
103644,1
107210,1
121887,0
118433,2
102189,1
109741,0
101297,1
108845,1
108759,1
120749,0
111388,0
104200,2
108372,2
117569,0
117013,0
107996,0
114868,0
112136,1
123239,0
101450,0
111450,0
111453,0
115492,0
100170,1
109896,0
122181,2
108731,0
117832,0
102174,1
111019,0
103899,2
102894,0
123595,0
112706,0
112068,0
114863,3
111503,0
117003,0
121464,2
118042,0
105016,0
110267,0
106900,1
101107,0
119940,3
118824,2
123305,3
112203,0
101888,0
102413,0
116527,0
113255,1
110651,0
102067,1
124676,2
107921,2
104950,0
124314,0
116628,0
106966,2
109219,0
122758,0
105763,0
104527,0
123852,0
100571,0
107375,0
123825,0
118958,0
100595,0
109828,0
108386,0
107875,0
112433,1
120206,2
111775,1
105466,1
114132,1
105043,3
113366,0
101691,2
111581,0
110679,3
108454,1
108422,0
115378,0
105908,0
124511,0
116771,0
111341,2
102195,2
111012,1
111106,1
124969,0
108418,1
105635,3
104695,1
119142,0
101464,0
100468,0
111600,0
102897,2
111271,0
111369,2
103614,0
118758,2
100609,0
100941,3
108702,0
124289,0
109283,2
112744,1
104411,0
108861,0
112381,1
118796,0
105148,1
115122,1
123410,0
106032,2
104415,0
111286,0
124568,0
100606,1
124109,1
119070,0
102537,1
116886,0
107734,2
120399,0
112263,0
106044,0
117436,1
124252,0
118038,1
118041,0
123482,0
121784,0
121611,3
113489,0
117790,0
106536,1
108104,1
112864,0
120354,0
124971,0
101102,1
121208,0
113209,0
113996,0
114561,2
103166,0
121038,0
110222,0
101797,0
114971,0
104941,0
101080,0
101067,1
119076,0
105425,1
107273,3
120774,0
122248,0
110063,0
116505,0
102611,0
106963,0
109025,0
122670,0
118883,1
110508,1
111435,1
116234,0
101496,1
123985,1
113200,1
104294,0
101955,0
115977,1
119068,0
123547,2
106584,1
108750,1
108956,1
116009,0
103776,0
106740,0
119454,1
106685,0
124495,0
111994,0
116340,0
102224,0
108924,0
109826,3
100970,1
122850,1
109070,1
107498,1
124593,0
123035,0
105578,0
115106,0
122905,0
112973,0
119445,3
117406,0
101562,0
103771,0
115442,0
116946,3
103492,1
118548,0
123148,1
118675,0
112321,0
101381,0
107140,3
114760,0
107812,0
121789,0
110187,0
101793,1
117084,2
122508,0
122107,0
109482,0
120335,0
101302,0
108138,0
115125,0
115774,1
121279,0
102995,1
106697,0
111792,0
117614,0
122344,0
124629,1
109648,0
113689,0
105046,0
107251,0
106509,1
106123,0
114473,0
111652,0
106799,0
109418,0
109762,1
121494,1
103544,0
122322,1
109575,0
102803,2
119544,2
104465,1
101325,3
123143,2
114590,0
100180,0
100131,2
113287,0
113855,0
123354,0
107916,0
120516,0
109677,0
119813,0
119194,0
113084,2
124710,0
102111,0
123594,0
103953,0
124762,2
113138,0
115600,0
118259,0
107017,0
100110,0
118878,0
110850,2
113214,0
116452,0
124024,0
112809,0
124319,0
112857,1
117082,1
119055,1
123050,1
111305,0
113731,0
122983,1
121362,2
115540,1
108026,0
104234,1
103583,3
116105,3
111362,0
102324,2
106972,0
109312,0
100876,1
101047,0
121293,1
113720,0
101097,0
102357,0
106095,0
112479,3
103389,0
115140,0
103730,0
117178,1
114555,1
109943,1
118404,1
116429,0
114387,0
121262,0
110025,0
105250,0
107130,0
100992,3
111358,2
107954,3
101697,0
122518,2
112016,0
111446,2
108839,0
100558,0
108722,1
111055,2
115942,0
109801,0
117014,0
107473,0
123685,0
121112,1
118622,0
101598,0
124499,0
112524,0
100267,0
108915,0
112165,0
102416,0
111589,1
111406,1
106776,1
102956,0
107589,0
120306,3
104353,0
103566,0
100991,0
104779,0
121513,0
103243,0
114042,0
106286,1
104677,0
121258,0
118320,0
124462,0
103588,0
122548,0
113277,0
113046,0
124124,0
101829,0
120203,0
113977,0
105201,1
109905,0
106659,0
111674,0
121906,0
121117,0
109671,1
118467,0
106165,0
118047,0
120213,0
123766,0
100964,1
117696,1
116798,1
118641,2
124164,2
115684,3
120333,3
116676,0
103875,0
124233,0
106505,0
103969,2
106093,0
114362,0
118183,1
114602,0
107598,2
103458,0
106735,0
114936,0
113951,0
101109,1
113696,0
120821,2
102882,1
104671,1
122502,0
112041,2
117485,0
102070,0
104952,0
112777,1
103983,0
116300,0
106931,3
101119,1
108350,0
103051,3
104505,0
100432,2
101384,1
112066,0
121455,1
122361,0
119508,0
121056,1
113613,1
113800,0
121165,0
120366,0
112153,0
123990,1
120758,1
117198,0
121068,0
112511,0
109027,0
108648,0
124098,0
117120,2
113269,0
117139,0
105896,0
110364,0
114102,0
102068,0
105657,2
120779,0
107462,0
105127,0
120067,0
101858,0
120762,0
103934,0
122979,0
118538,0
104221,0
105632,1
109206,0
124387,0
113280,0
102838,0
118820,2
118269,3
123263,0
103618,0
114977,0
124266,1
119977,0
119996,1
122883,2
106877,2
112811,0
105073,1
120018,3
115713,1
124487,0
102121,0
122761,1
106157,3
120149,0
120303,0
101401,1
121311,0
104667,0
103461,1
109923,0
112171,1
107695,0
114562,0
105511,0
117447,0
123933,0
111507,1
124327,1
104639,0
100443,1
124010,3
119335,0
122106,2
107156,0
104547,0
119734,0
115946,0
114844,3
105957,0
124121,0
102334,0
106406,2
114854,0
106522,0
100387,2
103219,0
103749,0
108468,2
108968,2
121512,2
101937,0
114086,0
115502,0
107855,0
113705,1
110056,3
115310,0
113263,0
117955,0
121315,2
117403,0
106360,0
112163,1
102175,2
107753,0
101934,0
121344,2
110611,0
115745,0
101284,2
106943,0
101226,0
103582,3
118634,0
114983,0
103040,1
102141,1
112627,1
112808,2
122952,1
101887,1
120923,2
114326,0
105041,1
109568,2
100222,0
104996,0
111004,2
114551,0
107999,1
121468,0
117210,2
105135,0
119392,0
109663,0
121473,1
113892,0
111295,0
117899,2
101924,3
115705,0
112784,0
118918,3
100637,0
106161,2
121268,2
113859,1
113962,0
116546,1
101981,0
120285,1
120413,0
116746,0
101045,2
105553,0
123133,0
110366,0
111027,0
109457,1
108049,1
115933,0
120462,0
109320,0
111237,1
117527,0
123979,0
109361,0
110401,1
106422,0
107768,0
103731,3
119317,1
123456,0
119981,0
108452,0
101938,1
120334,0
108789,2
105562,0
105389,2
101241,0
120342,3
103286,3
121196,1
107389,0
102440,2
105995,1
124272,0
107391,1
102842,0
102313,0
117130,0
109059,0
113026,0
123233,3
112124,1
122771,0
122776,0
109394,0
114958,0
124211,1
115323,0
123276,2
120356,0
116268,1
118618,0
116238,0
107990,0
107610,1
113086,0
116743,0
117669,0
104553,1
111749,3
124176,0
108189,0
100037,2
118317,0
111198,0
102438,0
114171,0
117359,1
113602,0
101620,2
100634,2
124427,0
123973,0
101884,0
115862,0
110151,1
100985,0
122160,0
112076,0
109159,0
110657,0
112793,0
118625,2
106433,0
121944,0
105051,0
101519,0
123820,2
103097,0
111256,1
102207,0
105423,0
117113,0
102718,0
124513,2
101584,0
118035,3
101438,0
122083,0
101488,0
104631,0
122808,0
101667,1
101399,0
122842,0
112348,0
109451,0
112506,2
110200,1
115543,0
109542,0
123472,1
119922,3
104219,0
123356,0
107484,0
124837,0
100013,0
111058,2
107377,0
104611,0
118241,0
121081,1
122155,0
108561,3
104906,0
101537,0
119367,3
119578,0
119464,0
104000,2
105521,0
110186,1
119510,3
116637,0
112451,2
116832,2
119398,1
121872,2
122081,2
107821,0
106147,1
123871,2
108696,0
101521,0
122796,0
111797,0
103019,3
107605,0
114186,0
120260,0
124360,0
118645,0
110960,1
102201,0
104488,0
116326,3
117982,1
123711,1
108986,1
118551,0
102449,0
102403,0
122737,0
103135,1
100007,0
123134,1
114796,0
113253,0
124304,1
109644,0
117330,0
117443,1
121558,2
109507,1
123513,0
115459,1
107087,0
109767,0
105245,0
114024,1
100283,0
117304,1
124482,0
106162,0
114808,0
114331,2
114128,0
102372,0
116835,0
109102,0
114161,0
101136,0
123257,0
124651,1
117959,0
122534,0
102682,0
121845,2
101795,0
110527,1
110228,1
120590,1
124140,1
115261,0
101548,0
107829,0
118454,0
110137,0
115783,0
116416,0
116156,1
100054,0
107244,1
120620,1
117599,0
121706,0
105943,0
123770,0
119728,0
123505,0
117315,2
103971,2
111418,1
113568,0
111985,2
118368,0
113358,3
109357,0
121567,0
119366,1
117503,0
112331,0
102541,0
111651,0
109729,2
109952,0
107058,0
109637,3
106023,0
113158,0
112086,0
121442,2
105432,1
116412,2
120523,1
122303,0
105278,2
112358,1
104057,2
117698,0
108683,0
119223,0
105123,3
112769,0
118441,1
108285,1
102857,0
103292,2
104120,0
115908,1
113883,1
108075,0
118580,1
115963,2
123755,0
107838,0
109384,0
119846,3
121911,0
101152,1
118688,1
100698,2
101993,0
115452,1
105416,0
112288,0
115202,0
111946,0
119358,0
113391,1
101227,1
120825,0
107125,1
116332,0
115917,0
100389,0
111912,1
106807,0
101745,1
105410,1
111431,1
103792,0
113736,0
104138,0
120034,1
104476,1
117020,0
109429,0
115904,1
111935,1
101814,3
122756,0
111602,0
122197,1
112350,1
120350,2
104402,1
113905,0
109632,0
117274,1
121217,1
118228,2
123969,0
105955,0
120037,3
106957,2
105549,2
112477,0
121710,3
100493,0
103494,0
118522,3
102160,2
118822,3
123922,2
100483,0
105581,0
103041,0
115444,0
102161,0
109812,0
104239,1
110073,2
116124,0
113668,0
112167,1
107342,0
102970,0
122862,2
108057,2
109240,1
118508,0
103793,3
122007,2
118849,2
123166,1
112369,0
120401,2
120120,0
117741,0
114370,0
120135,1
110765,0
103125,0
114060,1
113206,0
110458,1
108091,0
101569,3
100827,0
119804,0
121453,2
115787,2
115529,0
115513,0
113400,0
112239,2
116044,2
116232,0
113994,0
101447,2
117405,2
117087,0
101472,3
109833,1
112439,0
121843,0
115692,1
119082,0
111741,1
123018,0
103374,0
120811,0
124113,0
120314,1
114800,0
123185,3
121243,3
112326,2
102209,3
117043,0
112600,1
107944,0
122706,3
104840,0
119453,3
120180,0
114604,0
107902,1
103468,0
101249,1
117145,0
100578,0
109821,0
105253,0
117252,1
110270,0
107091,2
122268,0
106868,2
116245,2
123961,0
105384,1
114077,0
104310,2
111048,1
118118,2
104146,0
115698,1
117697,2
112267,0
110575,2
124914,3
112780,2
112154,0
109968,0
123554,0
124267,0
123952,0
124931,1
124021,3
108765,1
111465,0
110819,0
100664,1
108817,0
102128,0
121363,2
116305,0
121707,0
116194,1
105352,1
118504,0
107649,1
113652,0
103901,2
119295,0
114457,2
119530,0
105952,1
118374,2
115422,0
120276,0
121598,0
124161,0
114817,0
110155,1
104594,0
123438,0
113228,1
122486,1
120622,3
113692,1
114941,0
124434,0
117281,3
108551,1
105914,0
123487,0
104453,1
123792,2
100949,1
107166,3
105421,1
122132,1
103271,2
107716,0
104764,0
100499,0
124258,1
103794,0
108038,3
107987,1
100872,0
119117,2
112994,1
111745,2
109625,0
117244,0
118051,0
121652,3
109354,1
113771,0
115955,3
106181,0
100784,0
105746,0
119622,0
101157,0
124322,0
103982,0
101465,2
124949,2
115727,2
107022,2
114585,1
101847,0
108383,0
101591,1
103599,0
119988,2
124884,1
108848,0
116001,0
104325,0
108302,0
116753,0
104148,0
109405,0
100467,0
113096,1
118785,2
102971,1
105795,0
107349,0
123702,2
114783,2
102021,1
124015,0
124916,1
114163,2
109597,0
116114,0
103525,0
115114,0
118999,0
101149,1
104946,2
121365,0
112389,0
123150,0
123739,0
104608,0
103518,0
110252,3
112895,2
115520,2
105080,3
120903,3
105244,0
105096,2
105841,0
123353,2
119073,0
119807,0
118934,0
101287,1
114715,0
116147,3
123464,2
106054,0
112051,0
124297,1
114923,0
119645,1
119376,2
117867,0
102952,0
119403,0
103235,2
122354,0
108071,0
102893,0
111088,0
118476,0
122903,0
117088,0
116427,1
120338,3
108938,2
116780,0
124210,0
105643,0
110208,0
119245,1
122388,0
118396,1
118601,1
106380,0
103620,0
106547,0
105501,1
113646,2
117290,2
119350,0
106479,0
115978,2
108527,0
101879,1
105828,0
117826,1
101784,0
106396,0
123663,0
121569,0
102548,1
112159,0
119263,0
111899,0
100156,2
106097,0
118020,0
111059,1
100023,0
112617,0
102353,0
103301,2
103202,0
106867,0
114328,2
102603,0
119023,3
124075,2
123535,1
112029,0
101300,2
108858,0
118572,0
119958,0
108744,0
102945,1
112754,1
116696,0
119738,2
124349,1
113060,0
109817,0
106878,0
109955,1
112411,0
118950,0
101170,3
109601,0
108159,2
120119,0
110949,0
112145,0
111517,0
109020,0
124294,0
114856,0
107609,0
111312,1
120477,0
108752,2
121722,0
113124,0
114251,0
111764,1
101221,0
123240,2
107936,0
106861,0
113453,0
121800,2
119049,1
114377,0
108222,0
117655,1
118568,0
120133,0
102691,0
110688,0
123541,2
115777,0
119414,0
120171,0
106105,0
100409,1
107844,0
114956,0
123708,3
111401,0
105000,0
104558,1
104791,1
118741,1
104581,2
115451,1
103409,3
105471,1
114810,3
117870,0
102568,1
118093,1
120081,0
109483,2
115930,0
111372,1
106295,1
121534,1
102202,1
122047,0
109612,0
109947,3
116516,0
124408,0
113265,1
104754,0
111476,0
108563,2
103867,0
119123,0
119688,0
104014,0
100272,0
116165,0
116704,0
102539,0
120742,3
108711,2
114234,0
113898,2
116769,2
117874,2
124119,0
117656,0
121305,2
102633,3
115846,2
120926,2
104076,3
108590,2
120089,1
121070,1
123082,3
102703,0
122256,2
111683,0
124205,0
118409,3
111086,0
112385,0
123430,0
123478,0
111310,1
122773,0
116066,0
103369,1
100759,0
106053,0
116598,0
122641,0
116957,3
114466,1
120016,2
123425,0
106940,0
102505,3
108520,1
120674,2
114786,0
121561,0
108161,0
113369,1
118394,0
110645,0
100399,3
102248,0
112950,0
109190,0
101716,0
116777,0
108255,2
114441,2
111334,1
101154,0
105008,0
104218,0
102858,0
118440,0
119621,2
104468,0
121943,3
102040,3
123326,0
110619,2
124788,0
105010,0
123768,1
105816,1
111140,0
109728,0
106976,0
106550,1
123626,1
111269,1
121998,0
124065,0
105202,0
113685,0
113273,0
113703,1
113961,1
121394,1
104857,1
119663,1
108021,0
119362,1
113781,1
106634,0
117191,3
109504,3
121304,0
108410,0
104730,1
119491,3
106585,1
109641,0
122503,2
112672,0
100506,2
101499,0
114798,3
102696,1
116796,0
118685,1
124961,1
110705,3
101576,0
123530,0
120063,0
110985,3
120115,0
104246,0
123160,0
119689,2
122099,0
117197,0
116087,0
119106,0
108197,1
117099,0
123202,0
100246,0
101321,0
104624,0
101972,0
110326,0
119136,2
115716,0
120610,0
122418,2
103116,1
111545,0
112383,3
124060,1
107123,0
112713,0
118553,1
112589,3
117645,1
116585,3
113426,0
105054,0
107436,0
124551,0
117231,0
124799,0
117477,0
107063,0
113711,0
120761,0
101848,0
123707,0
101595,0
118217,1
112801,0
115123,1
105922,2
105916,2
109626,0
122369,0
107592,0
121556,0
101912,0
101699,0
104265,0
112226,2
121487,1
113441,0
107200,0
113052,2
106478,2
120172,0
107603,1
102451,0
119682,0
119377,3
121232,3
110722,0
113937,0
124757,0
120489,3
105431,0
115012,1
121742,1
111440,1
113949,1
122811,1
108553,0
107115,1
119293,0
124117,1
118126,0
119449,1
112649,0
115089,0
103355,3
109921,0
112620,1
106411,1
112286,1
118916,2
121602,1
106595,0
100390,2
105671,3
116671,2
112761,2
118213,0
117217,2
123703,2
118827,0
102215,1
108864,1
111285,0
100978,1
101347,0
103713,1
119794,2
124237,1
109813,0
122820,2
102564,3
116827,2
112746,2
119582,0
124091,2
101453,1
115165,0
117097,0
107951,0
101183,2
119874,2
117408,1
102925,0
113829,2
101275,0
109595,1
114902,3
118856,1
103810,0
102868,0
124268,0
100929,0
104050,0
109220,0
105813,0
103840,3
101635,0
111769,2
114087,1
101048,3
115229,2
109869,0
117074,1
108136,0
124587,3
110750,0
103127,0
107082,0
118739,0
122440,2
117187,1
101124,0
100337,0
109727,0
122828,2
121033,0
112215,2
111182,2
103553,1
110257,0
119065,0
109158,2
100953,2
121524,0
100600,2
102469,2
113986,1
119254,0
118274,0
121352,0
104627,0
116123,2
100346,0
105107,1
107846,0
108423,3
121805,3
123783,0
108686,2
102236,0
104439,2
102420,0
100767,1
103842,0
116306,1
110770,0
123988,0
109588,1
111390,0
122459,1
115537,3
101470,0
124699,0
109610,1
112689,2
109154,1
115798,0
108807,1
101086,0
115739,1
114638,1
121673,1
100856,0
106285,3
124976,0
111366,0
103423,0
112800,2
124382,1
110978,1
118238,1
121240,0
100560,0
112907,0
114679,0
106577,1
111013,0
120074,0
123222,0
101553,0
101740,0
104805,3
121097,1
104993,1
117823,1
102635,0
100653,0
119199,0
102782,0
109008,0
116081,0
111722,0
118772,0
108552,2
124685,2
115143,3
108146,0
115655,0
118912,0
120841,0
122243,1
108334,1
106332,0
115804,0
109123,1
116248,1
113160,0
111459,2
103195,0
107042,1
109885,0
103455,1
120582,0
106945,1
107305,0
109621,2
121421,2
110982,0
124610,0
118876,2
105958,0
100640,1
106839,0
118673,2
103586,2
119839,1
101034,0
110610,2
122171,1
104324,0
120144,0
102953,0
108923,0
122203,0
104714,0
103521,2
110309,0
118399,1
106495,1
101725,0
104254,0
104981,1
119549,1
124073,2
107973,0
114256,1
101113,0
120788,0
111588,0
118296,0
113989,1
112850,0
103221,2
115508,1
122513,1
102536,0
106876,0
109974,0
110311,0
105197,0
116880,0
103104,2
108757,0
106476,2
110058,0
115880,0
113925,0
107969,1
113527,2
103944,0
118998,1
106506,0
101736,0
118745,0
100258,1
117641,0
114830,0
110449,2
115524,0
109391,2
124324,2
114153,0
100670,0
101873,0
112653,1
122298,1
121141,0
115521,1
115882,0
106655,1
111971,1
100545,2
115685,2
121164,2
106784,0
112799,0
106745,0
116127,2
115635,1
117521,0
114339,2
114631,0
100165,0
107559,2
110194,0
120257,0
116279,2
111413,2
119533,1
113553,0
113499,3
112842,0
120349,1
109927,1
100043,2
115335,0
119196,0
102240,0
108769,1
123647,0
103287,2
108201,0
109333,0
102916,2
111351,3
111443,0
122116,1
113179,2
117678,0
111232,1
112577,2
122514,1
108043,0
106244,0
102677,0
105917,1
106549,3
103670,0
123284,1
117884,0
108974,0
105557,2
107556,0
121415,0
111301,1
123923,1
123840,0
107806,0
112983,0
104932,0
123854,2
114934,0
121830,0
109985,3
102000,0
124368,0
106915,0
115603,0
102729,0
116405,0
101394,1
108725,2
113356,1
118430,0
105863,1
106844,2
124882,0
115049,3
103025,2
122938,0
102805,2
112225,2
105680,2
113515,2
106686,0
108898,0
123101,0
116475,0
118780,1
112899,0
122867,0
123463,0
111091,0
121255,0
111348,0
114513,0
105140,0
109580,2
100668,0
110238,3
110393,0
100986,2
110167,0
120738,3
118086,1
102457,0
117153,1
100889,1
100864,1
112073,1
108290,1
112351,0
112198,2
124560,0
118468,2
120196,0
120752,1
121497,0
113648,1
120009,0
122538,0
103020,3
104281,1
105697,1
104071,0
105893,3
117296,0
114244,0
109558,1
109582,0
106180,2
104780,0
106299,0
118416,2
103033,0
113296,3
122226,0
102638,0
111417,0
110051,0
117755,0
116557,2
115081,0
107755,2
123285,2
123808,0
122895,0
114778,0
109791,2
107397,0
100243,0
114738,0
124734,0
107761,0
118898,1
101417,3
101964,2
104449,2
117898,1
108101,0
120210,1
120586,3
109009,0
118697,2
109375,0
108370,2
108441,0
110519,1
123029,1
112056,1
114089,0
111207,0
109749,0
117958,0
118630,0
100145,0
113327,2
117233,0
106358,1
122745,3
120396,0
116826,1
121864,1
117429,3
109506,0
106322,2
111292,1
101076,0
123067,1
105470,0
117435,2
122978,0
120517,0
103539,0
118208,2
118729,1
102991,1
112509,0
113702,0
101159,0
107288,0
112027,2
103244,0
119051,2
119267,0
101622,0
108607,0
115063,0
124296,0
118910,0
102830,1
123477,1
118089,0
119507,0
106815,0
113867,2
116690,2
104419,2
113745,0
101398,2
117502,0
103828,0
110570,0
108260,1
120006,0
124607,0
103353,2
116228,1
106604,1
117603,0
118621,0
116860,0
105369,0
101375,0
111896,0
100121,0
104412,1
117932,0
103995,1
122442,0
121639,1
106508,0
107919,1
119841,1
117294,1
120193,0
101025,0
114101,0
123117,0
114851,0
121263,1
117068,0
115545,1
101824,2
118993,0
100249,3
123886,0
100388,2
117048,0
123105,0
106910,0
120320,2
110130,1
112306,2
121120,0
116816,0
101593,2
120863,0
123190,0
120031,2
106504,0
121779,0
113805,0
103396,0
107320,1
114420,1
102431,2
101420,0
110141,0
102596,0
118186,1
101062,3
103945,3
116390,1
107698,0
107966,2
114038,1
102850,0
111672,0
120466,0
119683,3
123588,2
120323,0
103142,2
124625,3
101304,0
111238,0
107353,0
114165,0
103939,3
116972,1
111527,0
109698,0
100822,1
101038,0
119040,0
109237,0
120423,0
102329,0
104701,0
116719,0
122515,1
114133,2
108733,0
119322,2
118930,0
108970,0
118926,0
110065,0
124989,0
100038,1
108337,0
123236,0
119478,1
120616,2
117234,0
121899,0
104644,0
123589,0
103977,0
100173,1
118442,2
117771,0
116742,0
100192,2
116062,0
107520,0
121136,2
116544,0
118979,0
110541,0
120578,2
112738,2
116670,0
100720,2
103177,2
120870,2
119465,0
118734,2
108251,1
113972,2
101834,3
104974,0
103836,3
121531,0
114834,1
105062,0
122633,1
120271,0
123026,0
111876,2
115704,0
108746,1
110681,0
107080,0
107488,0
109155,0
110490,0
119955,0
115833,0
122102,2
104103,0
102609,1
110885,3
122617,0
118131,0
124301,0
110240,1
100738,1
115238,2
114303,0
124043,0
115336,0
109807,0
107658,2
115184,0
100046,2
114988,2
102048,0
104404,0
111523,0
104285,0
110391,1
103391,1
114511,0
100850,0
121885,1
110050,0
118229,0
108023,1
114886,0
117732,1
112968,0
111212,0
105875,0
100005,2
124041,1
120073,0
112244,0
100231,0
124023,0
113719,0
110135,2
113331,2
107526,0
115921,0
113542,0
115770,1
111980,0
114338,0
114660,1
118708,2
112928,0
110494,0
111180,0
116355,0
122882,0
109761,0
121718,0
114920,2
102418,2
103186,0
121272,3
105491,1
114839,2
105315,3
120459,0
111697,1
122546,0
103037,0
108185,0
109292,3
121936,2
102990,1
110986,1
120666,0
105894,0
119520,2
101329,0
102446,0
100003,1
100284,0
108735,1
104040,3
105147,0
118347,0
112112,0
116069,2
101322,0
120955,0
106831,2
123537,2
123560,0
105194,0
102018,3
114176,0
110977,2
106748,0
111933,2
119331,2
122966,0
103717,0
122229,0
121614,1
110928,1
119774,0
102780,0
101360,0
103905,3
116784,0
107745,1
121977,0
118783,3
104279,1
108124,1
108813,0
112705,1
123772,0
112241,0
121427,0
122498,2
105579,0
106832,2
122563,1
102919,0
107191,1
116153,2
115453,0
100755,1
118247,1
118681,3
109814,0
110649,2
117137,0
107134,3
122019,1
124315,0
100171,0
112696,1
112238,1
112337,0
115473,1
117471,0
113139,1
101041,0
106768,0
119956,1
106400,2
119408,0
113739,0
102274,0
109453,3
113526,1
112367,2
109076,2
113798,0
110740,2
113544,0
121052,0
121888,0
112775,1
100197,0
113540,0
109858,1
104203,3
105759,0
117648,0
113364,2
106648,0
113715,3
103778,0
111740,1
114464,2
101011,0
118576,1
106237,0
119894,0
119768,0
108895,0
105556,0
120052,2
105707,0
106516,0
104051,0
106816,2
101705,0
117017,1
105685,3
120068,0
121088,1
105559,0
121099,0
106558,0
102965,3
100793,1
104021,1
118902,0
105960,0
108555,0
123937,2
103920,1
112770,1
113507,0
114569,2
110335,1
109488,0
119035,0
113381,0
110987,1
117509,1
116757,1
113999,0
101831,0
111370,1
111347,0
121252,0
106812,0
116381,0
119844,1
119292,0
100936,0
112379,0
119044,0
124786,3
105436,3
100294,2
107861,1
111627,0
102877,1
114085,0
105186,2
112806,0
106350,1
123419,2
121971,0
110308,0
117945,1
101245,1
102654,0
123753,1
121104,0
102736,0
122794,3
113002,0
116718,0
110273,0
111281,1
116181,0
110783,1
108627,1
122931,0
101527,1
119178,0
101143,2
120600,2
108004,2
103548,0
103094,2
109684,2
103677,0
103638,0
102864,2
100707,1
122067,0
124866,0
105555,0
113916,0
119523,0
103511,1
108859,2
100282,1
124151,0
109105,0
109747,2
102110,0
101559,0
107929,2
110976,0
122339,1
106133,0
104099,0
124476,0
112482,2
115030,0
101914,0
117218,0
123420,1
115760,0
115138,0
100621,0
103519,1
110324,0
109763,0
109204,0
121865,0
109501,1
120638,1
108717,2
118843,0
103916,0
105402,1
117891,0
102875,0
118048,1
123795,2
107923,0
103380,1
106273,0
124992,0
109306,1
123911,0
121235,0
116715,1
109147,2
116691,0
100487,3
102030,0
111192,2
115461,2
100972,0
123351,3
110019,2
100724,1
109876,0
122123,2
101551,2
111885,0
103334,3
122434,0
113324,0
103006,2
103535,0
107028,1
111776,0
106904,0
108734,0
118704,0
118866,0
108874,1
120637,1
108316,0
103465,0
105702,2
108955,0
114061,2
117423,0
103662,2
124243,1
106759,0
119866,0
120218,1
106330,1
117005,1
122252,0
119325,0
106035,3
101082,1
108180,0
114359,0
123722,2
112717,0
107469,0
106887,0
123468,0
121660,3
116879,2
104571,2
115878,1
112512,1
103757,3
101614,2
121586,2
113041,0
109252,0
122961,0
104936,0
113528,0
111170,2
115956,0
117266,0
120548,1
108504,1
105418,2
120076,0
116404,2
104495,2
123496,2
102980,0
115843,0
102658,1
107508,0
123047,3
107876,0
105779,1
115682,1
110744,0
111145,0
124680,2
110583,0
113940,0
100510,3
115772,0
111906,0
117151,0
106617,3
101046,2
119755,1
110038,1
123957,0
110936,0
123549,0
118434,1
113193,0
123234,0
113111,0
120977,1
102922,1
105503,0
116493,1
115227,0
124011,0
124187,0
124307,0
117594,0
117665,1
107286,2
102454,1
110510,3
124777,0
102639,0
117438,2
122501,1
104819,2
102098,3
103534,0
123173,0
100448,0
115133,1
119114,0
102376,0
114189,3
101602,0
109680,0
109881,0
104427,1
100326,2
116492,1
114945,1
113723,2
102171,0
115581,0
104823,0
123053,1
123799,2
100532,0
109987,0
112313,0
122457,1
119928,0
123095,0
122657,0
103682,1
112394,3
117675,0
107019,0
122537,0
111689,0
109866,2
120107,0
121967,0
123977,0
121869,2
113651,0
117745,1
121572,3
110589,2
118733,0
114838,1
110526,0
106764,1
114196,3
110495,1
103890,3
104992,2
117617,0
107943,0
109007,0
123241,3
100741,0
124581,3
109603,0
107675,1
104189,2
100439,1
102132,2
121178,2
113554,0
111982,1
101894,0
115181,2
111457,2
113460,1
100996,0
106941,1
110607,1
115223,0
121674,0
103831,0
113607,0
109948,1
103238,2
124873,0
117457,1
113068,2
106973,0
104194,1
113588,2
113226,0
120699,0
114219,0
101148,0
113970,1
122120,0
110482,1
112747,0
121527,0
102460,0
120642,0
121946,0
114090,0
117787,0
116843,1
107103,1
120122,0
116314,0
105500,0
114211,1
110970,0
100150,1
112371,0
111596,2
108812,0
107456,0
118945,0
106454,1
124429,0
105935,0
117971,1
120887,0
111139,0
106469,0
122180,0
112655,2
106194,0
104972,1
114280,0
109256,0
109068,2
123857,0
107882,0
123384,2
102697,1
105099,2
108379,0
111352,1
108653,0
107580,3
124154,3
114197,0
112933,0
109839,0
116599,1
115951,0
100083,0
107266,0
118254,0
110689,0
106934,0
110965,0
113437,0
115172,0
104617,0
111690,1
120026,3
116121,2
113537,0
103917,0
121579,1
113644,0
124483,0
105502,0
106065,0
121015,1
124313,1
107709,0
120267,0
120778,0
117284,0
108617,0
121693,0
119429,1
119425,0
107614,0
100834,0
109172,0
118588,0
106927,0
117864,1
122347,3
101228,0
108698,0
104044,0
110336,0
106064,1
111956,2
120505,1
117414,1
118837,0
120603,0
120348,0
112854,2
111562,0
105372,1
115041,0
110973,0
102678,1
124046,0
100016,2
108743,0
111011,0
123904,0
104306,1
117478,1
107578,0
119932,0
106156,0
101469,1
121484,0
107464,0
107867,1
116385,0
106532,0
120886,0
114708,2
118381,0
107681,3
119840,1
122384,0
105734,3
124049,3
115059,1
104286,0
121403,0
105133,0
113252,3
106732,0
121437,0
117726,2
101028,0
122140,0
112006,0
112686,0
109182,0
119276,1
100075,2
102902,0
110279,0
117236,0
105111,0
120004,3
118651,0
120090,2
115720,0
101511,0
109071,0
119612,3
109745,0
113927,2
114570,0
115084,0
104998,0
123114,0
106540,2
104592,1
110789,0
106279,0
119673,1
113841,0
113246,1
124683,3
122048,0
118398,0
108857,1
117472,0
101351,1
102181,1
106466,0
107405,1
123378,1
108444,0
116173,1
105481,0
120626,2
114516,0
115076,0
120904,0
122024,0
102405,1
104502,1
108585,0
100857,2
109163,0
120451,0
108909,0
116498,1
101949,1
107835,2
114199,0
122037,2
104542,0
113360,0
117786,0
114096,2
106290,1
114528,1
111049,2
114498,0
108820,2
115155,0
115975,0
115807,2
110670,2
107427,0
103839,0
119598,2
107528,0
120719,0
103485,0
117346,0
107718,2
120215,2
111987,1
115031,0
122890,0
113019,2
106048,1
103070,0
122182,1
120286,1
102534,2
103822,0
102077,3
108141,2
113496,0
116348,0
118019,0
118090,1
109851,0
101054,3
104270,1
100704,0
124484,1
100948,0
114257,0
102874,0
123358,0
105844,0
103552,0
103477,1
103345,3
117838,3
118169,2
112551,3
109925,2
124050,0
113316,3
103319,0
115119,1
100944,2
115412,3
114901,0
120757,1
108235,0
115428,1
100256,3
110948,2
115366,0
117319,0
117733,1
102246,0
112891,1
102938,0
101999,1
113346,0
119277,1
109903,0
106388,1
121522,0
117273,2
107261,0
108958,0
116863,0
106777,0
101294,1
124879,2
117731,0
118336,0
116030,1
117096,0
118122,1
107622,0
116192,0
120083,0
112069,2
112455,1
122741,3
115393,0
116645,0
103343,3
124533,0
121973,0
121976,0
105530,1
120268,0
122224,0
104723,1
107955,2
111389,3
101495,2
117887,0
109642,3
118340,0
108838,1
115491,2
122915,0
120888,0
110379,0
121021,0
115570,1
105625,0
117708,0
121728,1
121723,0
118356,0
116480,0
108030,0
104569,0
101130,1
110567,1
112558,0
119363,1
114845,0
106024,0
104491,0
117062,1
123054,2
118724,2
115750,1
116807,2
102165,0
120570,1
124475,0
105601,0
111556,1
104812,2
117483,0
109296,1
121697,1
104615,2
123686,0
116020,1
122010,0
100615,0
102813,2
105188,2
123815,1
111122,2
118811,1
103315,3
123720,1
121836,3
121003,2
110473,2
105963,0
113150,0
119832,0
116315,0
112938,0
102794,0
122357,0
120161,0
106849,0
109327,2
106684,0
106676,0
106696,3
104826,0
122964,1
117497,2
119119,0
109118,1
108278,1
117704,1
119739,0
113236,0
109730,0
100497,0
116304,0
105994,1
116423,1
116394,0
124149,0
101282,0
120593,0
124928,0
119607,1
101071,1
118265,1
117886,0
114461,1
110802,1
119286,1
112400,1
108476,0
103430,0
103321,0
115072,0
120428,0
110285,1
112443,0
108912,2
107234,2
112434,0
104869,2
120152,0
124920,0
117365,1
112053,0
103322,1
119003,1
119701,1
107732,1
122424,0
122637,0
112151,1
104949,2
112929,0
117890,0
114403,2
101160,2
119909,3
108723,1
119764,2
123837,0
104130,1
117685,0
106462,0
124467,0
123781,0
111165,2
104595,1
120256,0
123426,0
121500,0
110946,0
121313,0
112682,0
105696,1
118863,0
108580,1
100300,0
121145,0
113393,0
108519,0
111009,1
105537,1
115177,1
110028,2
120572,2
124801,0
119012,2
108549,0
106457,0
118583,1
100630,0
117256,0
122984,3
111823,0
114469,0
114067,3
119497,2
113963,0
115573,2
101162,0
112916,0
107952,2
118957,1
116565,1
108464,2
118105,0
124293,2
119776,1
113906,3
116760,0
122446,0
112172,1
124261,0
114598,0
116683,1
124013,1
107329,1
116025,0
110384,0
112622,0
116915,0
121909,0
103970,2
107127,1
111039,2
107113,0
123898,0
102560,0
104628,0
121432,1
116486,0
108031,0
102606,3
102738,0
102721,2
118955,0
100217,0
106467,0
124255,1
120958,0
119143,0
110415,3
116055,0
108113,0
111951,0
105631,0
113283,1
118855,3
105580,0
107146,3
120949,0
107532,0
120896,0
105275,0
118200,0
105322,0
112111,0
101093,0
110068,0
124445,0
102549,2
121959,0
101423,0
111464,3
111427,0
112292,0
120036,2
109560,0
109185,0
124822,0
112507,0
107282,1
110322,0
118830,0
109718,0
108636,0
123564,0
123941,2
113238,0
123959,0
124265,3
121592,2
119615,0
116441,0
100484,2
116444,0
109412,2
113484,0
105319,0
111771,0
116042,1
103484,3
101077,0
111367,0
105687,2
120946,0
115607,2
117994,2
106566,3
120848,1
102029,1
101192,1
124594,1
124730,0
110816,1
118063,0
108516,0
101012,0
115861,0
118190,0
122190,1
122986,0
116749,1
104550,1
114720,2
105482,0
124899,0
123989,0
113504,0
108786,0
121607,0
123231,0
103996,0
116588,1
117537,0
124133,0
120051,0
116342,3
109146,0
101575,0
121194,1
115210,0
123085,1
120182,2
102681,3
109201,2
122695,2
112664,3
118501,2
101564,3
102200,0
102378,0
111174,0
102508,0
111193,0
104708,2
114360,3
118027,2
121752,0
107680,2
108137,2
100611,3
108827,1
122734,0
113135,0
108764,0
124906,0
119695,0
100202,0
117260,1
110209,0
103850,2
123621,0
110900,0
105633,0
123640,0
115414,1
100788,2
101068,0
100917,0
123611,2
112408,0
109676,0
103561,0
107373,0
114729,0
123116,0
108461,0
121596,0
118533,0
116472,1
102590,0
114554,0
118103,0
114104,1
113806,0
122174,0
102921,2
101696,1
108708,2
121410,1
107729,0
104446,0
105527,1
118480,0
106721,0
103154,1
124704,0
120281,0
102402,1
118314,1
115811,1
107402,2
101979,1
108751,0
107816,0
122002,0
114205,2
107020,0
101982,0
101155,1
102972,0
119714,0
122365,1
100374,0
117046,0
114004,3
111610,0
100236,0
104872,2
111171,0
104460,0
115773,3
116551,2
115005,1
105939,1
101951,0
113825,0
110807,0
124988,0
105519,2
102895,0
109674,2
108518,0
118422,0
105128,1
115533,1
121452,2
118359,1
108684,0
100636,0
106069,1
113290,0
115028,0
119187,0
121349,0
121147,1
113680,0
120266,0
123061,1
122686,0
120265,0
116329,0
116095,3
115583,0
107268,0
110289,0
122755,0
117258,3
110623,0
102650,3
104596,2
108890,1
110746,1
105105,0
116933,0
124320,2
120716,0
113373,1
110766,2
120735,3
114330,1
110276,0
104861,1
104154,0
119221,2
115625,0
112008,2
108456,1
117032,0
124870,1
104335,1
109854,0
106112,1
123788,0
104693,2
100316,1
107837,0
100069,0
101343,0
124774,0
111376,1
102285,0
110718,0
116841,2
114979,0
121499,0
109894,0
119875,1
119466,0
105651,0
106166,0
105095,0
105343,1
103989,0
124215,1
122908,1
102566,0
114305,2
116089,3
105775,0
119009,3
105339,2
105787,0
101019,0
116415,1
124162,0
114775,0
122833,0
103173,3
112648,1
117196,1
107461,0
104283,0
103182,0
110658,2
117489,0
107336,0
100436,1
107501,0
122494,1
124262,0
106564,0
100537,2
113396,1
101755,0
102119,1
118444,1
109242,0
102914,0
119086,0
101368,1
112503,0
103175,0
101459,2
123509,3
111662,0
118406,1
116281,0
118895,2
124170,2
101303,2
111922,0
106991,0
105641,0
112828,2
111940,1
102521,0
104933,0
103705,0
118500,2
103144,0
121530,0
116859,1
102039,1
109996,0
108538,2
100191,0
121848,2
107104,1
117401,1
118874,2
104473,2
120686,3
108267,0
118740,0
110196,0
106608,0
102338,0
101665,0
123782,0
113021,0
102015,3
121168,0
114222,1
122025,0
104575,3
108657,0
121072,1
104590,0
119843,0
110964,3
120328,1
122747,0
121297,1
124489,0
103308,1
106694,0
113976,2
114238,1
100185,3
105262,2
114710,0
118936,0
114034,0
110801,1
118104,0
103819,1
112908,0
110080,0
113700,0
106353,0
111111,0
116167,0
119304,0
113886,1
124997,0
100840,0
118462,0
116985,0
113074,0
119087,0
110184,0
107677,1
109848,0
107617,0
100570,2
100238,0
108635,0
123251,0
109802,0
101484,0
103246,0
107222,2
105464,0
107192,0
111080,0
123984,3
102844,0
114223,0
104034,2
108470,0
107905,0
102634,1
102661,1
113271,0
106305,0
108583,2
116310,0
110397,2
122146,1
103802,0
119321,0
120202,0
120668,1
120722,2
120785,0
116850,0
106920,0
116956,0
109702,0
105988,0
106186,1
107636,1
118661,0
123484,0
105103,3
107519,0
117912,0
101027,1
124678,0
119795,0
116407,1
117530,1
119969,0
110664,1
124950,3
117688,0
108225,1
109541,2
115958,0
102728,3
109635,2
120835,1
100655,0
109935,0
101655,2
120229,0
123593,0
120802,0
100833,0
123846,0
101480,0
121705,1
100580,0
109132,0
100894,1
115053,0
108709,0
103143,1
108900,0
112787,0
118445,1
109385,0
103747,2
124437,3
120900,0
108630,1
113669,0
119880,0
123007,0
118006,0
122958,0
116037,0
110266,0
104205,0
113730,0
124291,0
103107,0
100848,0
118875,0
117818,1
122234,0
122163,0
107772,0
122427,0
110825,0
106833,0
106027,0
104481,2
108089,2
101138,0
124592,0
109328,3
123408,3
104096,1
115588,0
108114,3
118659,3
103483,3
109100,0
123674,0
116951,3
112553,1
101910,2
110293,2
100924,0
124410,0
110237,1
103241,0
119961,0
114682,0
106204,2
119560,2
110631,1
105295,0
121017,1
123610,2
113945,0
108984,0
117531,0
109316,0
109753,0
103641,0
104104,0
111470,0
113303,0
120661,1
101070,1
114930,2
103936,0
120602,1
122413,1
117125,0
113298,1
118832,0
106228,1
103508,0
118095,0
121312,0
124963,0
112114,2
116524,0
100414,0
103163,0
118941,0
119585,1
121001,0
119643,0
103198,1
100828,0
104830,2
111884,1
101706,0
106052,2
124967,0
108732,0
104806,0
122074,0
104525,0
101778,0
107474,0
119061,0
109638,0
114937,0
124828,0
104074,0
124505,0
121844,0
107980,3
103694,0
111359,2
114526,0
123696,0
102164,2
114539,0
109868,1
102662,0
101605,1
121475,0
100590,0
101702,0
102878,1
109788,1
110593,1
105563,1
106671,1
114620,0
114887,1
110794,1
117587,0
110392,1
119113,0
114071,3
100141,0
105406,0
114964,0
120817,2
115061,0
109222,0
103464,2
120147,1
117373,0
104997,0
104990,1
122065,0
104638,0
122399,0
122529,0
101198,0
110591,2
101345,1
114361,2
118655,1
118927,3
110119,2
117835,0
101336,0
114985,3
111475,1
115290,0
123159,0
118939,3
112776,0
116333,2
119970,2
105801,0
124369,1
115023,2
108690,1
114626,0
123217,0
100391,1
121121,2
116790,0
108169,2
113767,0
109289,0
102341,1
118473,2
124705,0
119724,2
112919,0
119135,0
119405,1
118273,0
117174,0
105335,0
100933,3
122677,1
109503,0
121215,0
107946,1
114586,1
122769,3
117812,1
110281,1
116633,2
113267,0
106865,0
119815,0
120060,0
118123,1
103639,0
112608,0
104112,0
121246,0
119180,0
117535,0
108205,0
117635,2
102287,0
112768,1
108738,0
114232,2
108401,0
108018,1
101991,2
114149,0
116378,0
116473,0
115357,0
100020,0
118722,2
100549,0
105231,0
118417,3
116983,0
108223,2
108238,1
100213,0
106235,2
119773,0
115258,0
100262,2
109318,0
119659,0
101191,0
104709,2
120643,0
122642,2
100939,0
115818,0
112157,0
114637,0
122857,2
121787,0
115217,2
107215,2
101383,0
108085,1
124814,0
105395,3
123037,0
105298,1
101678,0
108705,3
113076,3
103021,0
108966,1
104983,0
117158,0
119745,0
106860,0
100355,0
100716,2
109715,0
106383,0
104458,0
111395,0
116084,0
109818,1
117223,0
116104,0
109447,1
116913,0
119411,0
101268,0
115173,0
117543,1
102196,1
101195,1
105146,0
120432,0
101772,2
119538,0
109236,1
121179,1
110362,0
122305,1
109458,1
104781,1
124684,1
106500,0
109998,2
115376,0
109640,1
104685,0
108013,0
116811,2
101672,1
120990,2
116021,1
100843,2
112947,2
110910,1
111949,0
112003,2
116220,2
120988,0
100787,0
105762,0
117037,0
108178,0
111340,3
104480,2
102771,0
113404,0
100367,0
110792,0
101835,1
117862,0
123939,2
108526,1
123567,1
120805,1
108215,1
123641,0
104565,1
108129,2
120883,0
113205,1
124469,1
117566,0
105392,1
112923,1
111538,0
108345,0
107629,1
119296,2
107577,1
106110,0
117906,1
103024,3
117725,0
112721,1
105558,0
103478,0
115004,0
112262,0
124769,1
101254,0
124792,2
112462,0
115755,2
113939,0
114871,0
112202,0
118817,0
102393,0
118251,0
122571,1
124106,0
113354,2
118873,0
118249,2
120329,2
120174,0
115637,0
116148,0
118046,1
100771,0
110560,0
112139,0
119287,0
110315,1
121566,0
106303,0
112015,1
101267,0
102255,0
109392,2
108261,3
107061,0
114584,0
112824,1
101312,3
107790,0
109231,0
119247,2
109230,0
118083,2
110538,0
101733,0
123986,1
106594,3
108932,0
112170,0
113043,3
103266,1
122006,0
103981,0
100572,0
119299,0
118727,0
116764,0
110929,2
112904,2
123465,3
117980,0
103404,3
104080,0
120055,1
112113,1
113486,0
117066,0
112162,0
104820,1
111452,0
108474,0
110422,2
110530,0
110233,0
115099,2
113971,2
114039,0
107128,1
118751,0
120231,0
100752,0
100456,3
103027,0
100124,0
122676,0
106582,1
114384,1
121085,0
106624,0
111715,1
112711,2
119231,0
106428,0
102567,0
120385,0
122504,2
102909,1
108009,2
110618,0
115701,0
124690,3
109061,0
108313,2
115943,0
116890,1
107485,2
123557,0
117667,1
103297,0
120179,2
101845,3
112587,1
119182,1
100798,0
101768,0
122330,2
117329,2
123405,2
103356,0
107117,0
100601,0
117869,0
123480,0
110312,0
111873,0
116283,1
108816,1
120239,0
124270,0
114329,2
101813,2
113650,0
105757,0
101970,0
110373,1
103240,0
124553,3
100060,1
100109,0
104318,3
100739,0
107664,0
116483,1
117943,1
112989,0
119034,0
119761,2
102807,0
103947,0
102386,0
104083,0
102036,1
111682,2
123790,0
108016,0
123571,1
116182,0
104388,1
106317,0
107393,0
100888,1
107263,0
106651,0
102637,1
103558,1
121308,0
114741,0
115629,1
106988,1
117751,2
100446,0
123255,0
114785,0
106562,0
118111,0
107257,2
101101,1
114929,0
114912,2
124004,0
104916,0
102810,0
117800,0
104454,0
116425,0
101327,0
104326,2
110633,3
119060,1
108507,3
102086,2
102087,0
119235,0
119200,1
102349,0
123192,0
113207,0
102835,0
